{
    "module_jobposting": "Job Posting",
    "module_jobpostings": "Job Posting",
    "menu_jobposting_jobposting_fad58de7366495db4650cfefac2fcd61": "Job Posting",
    "remember_to_clear_cache_to_see_effect": "Remember to clear cache to see the updates.",
    "category_order_successfully_updated": "Category order successfully updated",
    "category_successfully_deleted": "Industry successfully deleted",
    "manage_categories": "Manage Categories",
    "manage_companies": "Manage Companies",
    "are_you_sure_this_will_delete_all_item_that_belong_to_this_category_and_cannot_be_undone": "Are you sure? This will delete all items that belong to this category and cannot be undone.",
    "edit": "Edit",
    "delete": "Delete",
    "categories": "Categories",
    "category_successfully_updated": "Category successfully updated",
    "category_successfully_added": "Category successfully added",
    "industry_successfully_updated": "Industry successfully updated",
    "industry_successfully_added": "Industry successfully added",
    "edit_a_category": "Edit a Category",
    "create_a_new_category": "Create a New Category",
    "campaign_category_details": "Industry Detail",
    "name": "Name",
    "parent_category": "Parent Category",
    "select_form_select": "Select",
    "submit": "Submit",
    "select": "Select",
    "select_a_sub_category": "Select a Sub-Category",
    "update_order": "Update Order",
    "admin_menu_add_new_industry": "Add New Industry",
    "admin_menu_manage_industries": "Manage Industries",
    "are_you_sure_this_will_delete_all_items_that_belong_to_this_category_and_cannot_be_undone": "Are you sure?",
    "all_jobs": "All Jobs",
    "all_companies": "All Companies",
    "job_posting": "Job Posting",
    "search_companies": "Search Companies",
    "latest": "Latest",
    "most_viewed": "Most Viewed",
    "most_favorited": "Most Favorited",
    "recent_job_posting": "Recent Job Posting",
    "jobs_you_may_be_interested_in": "Jobs You May Be Interested In",
    "search": "Advanced Search",
    "keyword": "Keyword",
    "large_text_area": "Large text area",
    "small_text_area_255_characters_max": "Small text area 255 characters max",
    "selection": "Selection",
    "multiple_selection": "Multiple selection",
    "checkbox": "Checkbox",
    "radio": "Radio",
    "company": "Company",
    "location": "Location",
    "industry": "Industry",
    "language_prefer": "Language Prefer",
    "education_prefer": "Education Prefer",
    "working_place": "Working Place",
    "expire_before": "Expire Before",
    "top_employers": "Top Companies",
    "most_followed_employers": "Most Followed Companies",
    "company_name": "Company Name",
    "company_size": "Company Size",
    "my_favorite_jobs": "My Favorite Jobs",
    "my_following_jobs": "My Following Jobs",
    "my_favorite_companies": "My Favorite Companies",
    "my_following_companies": "My Following Companies",
    "my_applied_jobs": "My Applied Jobs",
    "my_company": "My Company",
    "setting_subindustries_to_show_at_first": "<title>How many sub-industry to show at first<\/title><info>This setting tells how many sub-industry are to be shown at first. If the list of sub-industry is longer than this value the extra ones will be hidden and a \"View More\" option will be shown instead, allowing the user to display the hidden sub-industry.\r\n\r\na \"View Less\" option will be available to provide the full \"accordion\" effect.\r\n\r\nIf you set it to zero (\"0\" without quotes) it will hide every sub-industry and a plus sign will show next to the industry name, clicking the plus sign will show that industry&#039;s sub-industry.<\/info>",
    "setting_number_of_items_block_top_mostfollowed_employers": "<title>Number of items on Block \"Top Companies\", \"Most Followed Companies\"<\/title><info>Number of items on Block \"Top Companies\", \"Most Followed Companies\"<\/info>",
    "setting_number_of_items_block_recent_youmay": "<title>Number of items on block \"Recent Job Posting\", \"Job You May Be Interested In\", \"Hot Job Posting\"<\/title><info>Number of items on block \"Recent Job Posting\", \"Job You May Be Interested In\", \"Hot Job Posting\"<\/info>",
    "setting_fee_feature_job": "<title>Fee to feature Job<\/title><info>Fee to feature Job<\/info>",
    "setting_company_job_view": "<title>Company and job view<\/title><info>Company and job view<\/info>",
    "setting_jobposting_maximum_upload_size": "<title>Maximum upload size (KB)<\/title><info>Maximum upload size (KB)<\/info>",
    "create_your_company": "Create Your Company",
    "create_a_new_job": "Create a New Job",
    "publish_job": "Publish Job",
    "create_new_job": "Create New Job",
    "job_title": "Job title",
    "job_description": "Job Description",
    "desired_skills_experience": "Desired Skills & Experience",
    "time": "Time",
    "expired_on": "Expired on",
    "job_privacy": "Job Privacy",
    "save_as_draft": "Save as Draft",
    "publish": "Publish",
    "job_successfully_added": "Job successfully added.",
    "job_successfully_updated": "Job successfully updated.",
    "actions": "Actions",
    "company_name_is_required": "Company name is required.",
    "description_is_required": "Description is required.",
    "headquaters_location_is_required": "Headquaters location is required.",
    "industry_is_required": "Industry is required.",
    "contact_name_is_required": "Contact name is required.",
    "contact_phone_is_required": "Contact phone is required.",
    "contact_email_is_required": "Contact email is required.",
    "managing_company": "Managing Company",
    "add_company": "Add Company",
    "description": "Description",
    "headquaters_location": "Headquaters Location",
    "city": "City",
    "zip_postal_code": "Zip\/Postal Code",
    "country": "Country",
    "refresh_map": "Refresh Map",
    "website": "Website",
    "from": "From",
    "to": "To",
    "contact_information": "Contact Information",
    "phone": "Phone",
    "email": "Email",
    "fax": "Fax",
    "company_privacy": "Company Privacy",
    "share_privacy": "Share Privacy",
    "save": "Save",
    "sponsor_company": "Sponsor Company",
    "add_city_zip_country": "Add city\/zip\/country",
    "hide_city_zip_country": "Hide city\/zip\/country",
    "control_who_can_see_your_company_information": "Control who can see your company information.",
    "control_who_can_share_on_your_company": "Control who can share on your company.",
    "employees": "Employees",
    "admin_menu_add_new_package": "Add New Package",
    "admin_menu_manage_packages": "Manage Packages",
    "edit_a_package": "Edit a Package",
    "from_field_of_company_size_is_required": "\"From\" field of Company size is required.",
    "to_field_of_company_size_is_required": "\"To\" field of Company size is required.",
    "create_a_new_package": "Create a New Package",
    "package_successfully_added": "Package successfully added.",
    "package_successfully_updated": "Package successfully updated.",
    "name_of_package_cannot_be_empty": "Name of package cannot be empty.",
    "select_a_sub_industry": "Select a Sub-Industry",
    "you_can_add_up_to_3_industries": "You can add up to 3 industries.",
    "website_format_is_not_valid": "Website format is not valid.",
    "company_size_is_not_valid": "Company size is not valid. \"From\" field must be greater than 0 and \"To\" field must be greater than \"From\" field.",
    "two_industries_must_be_different": "Two industries must be different.",
    "email_format_is_not_valid": "Email format is not valid.",
    "hot_job_posting": "Hot Job Posting",
    "setting_jobposting_maximum_upload_size_photo": "<title>Maximum upload size for photos (KB)<\/title><info>Maximum upload size for company photos and form logo.<\/info>",
    "select_images": "Select Image(s)",
    "you_can_upload_a_jpg_gif_or_png_file": "You can upload a JPG, GIF or PNG file.",
    "the_file_size_limit_is_filesize_if_your_upload_does_not_work_try_uploading_a_smaller_picture": "The file size limit is {filesize}. If your upload does not work, try uploading a smaller picture.",
    "upload_photos": "Upload Photo(s)",
    "user_setting_can_add_company": "Can add a company?",
    "photos": "Photos",
    "delete_this_image": "Delete this image",
    "are_you_sure": "Are you sure?",
    "click_to_set_as_default_image": "Click to set as default image",
    "company_successfully_added": "Company successfully added.",
    "company_information_successfully_updated": "Company information successfully updated.",
    "view_company": "View Company",
    "company_information": "Company Information",
    "my_bought_packages": "My Bought Packages",
    "submission_form": "Submission Form",
    "manage_job_posted": "Manage Job Posted",
    "admins": "Admins",
    "unable_to_find_the_image": "Unable to find the image.",
    "upload_photos_process_has_finished": "Upload photo(s) process has finished.",
    "view_more": "more",
    "form_title": "Form Title",
    "enter_the_title_for_the_submission_form": "Enter the title for the submission form.",
    "form_description": "Form Description",
    "enter_the_description_for_the_form_this_will_appear_below_the_form_title": "Enter the description for the form. This will appear below the form title.",
    "company_logo": "Company Logo",
    "show_job_title": "Show job title",
    "enable_your_name_field": "Enable \"Your Name\" field. System will get Full Name of the candidate to fill to. Candidate can change value for this field.",
    "required_field": "Required field",
    "candidate_name": "Candidate Name",
    "enable_your_photo_field": "Enable \"Your Photo\" field",
    "candidate_photo": "Candidate Photo",
    "candidate_email": "Candidate Email",
    "candidate_telephone": "Candidate Telephone",
    "enable_your_email_field": "Enable \"Your Email\" field",
    "enable_your_telephone_field": "Enable \"Your Telephone\" field",
    "resume": "Resume",
    "allow_candidate_to_apply_this_job_by_using_his_her_resume_on_module_resume": "Allow candidate to apply this job by using his\/her resume on module Resume",
    "ms_word_pdf_zip_size_maximum": "Ms Word, PDF, ZIP ({size} maximum)",
    "resume_format": "Resume Format",
    "subscribe_job": "Subscribe Job",
    "submission_form_successfully_updated": "Submission form successfully updated.",
    "form_title_is_required": "Form title is required.",
    "company_logo_is_not_valid": "Company logo is not valid. You can upload a maximum {size} JPG, GIF or PNG file.",
    "type": "Type",
    "values": "Values",
    "add_new_option": "Add new option",
    "add": "Add",
    "search_jobs": "Search Jobs",
    "admin_menu_manage_jobs": "Manage Companies",
    "are_you_sure_you_want_to_delete_this_custom_option": "Are you sure you want to delete this custom option?\r\n\r\nNote that anyone using this option will revert to using the default option set for this custom field.",
    "could_not_delete": "Could not delete",
    "result_s": "Result(s)",
    "unable_to_find_the_custom_field_you_want_to_delete": "Unable to find the custom field you want to delete.",
    "unable_to_find_the_custom_option_you_plan_on_deleting": "Unable to find the custom option you plan on deleting.",
    "total_upper": "Total",
    "admin_menu_sdfsdf": "Manage Jobs",
    "admin_menu_sdfsd": "Manage Transactions",
    "this_field_will_be_hidden_until_it_has_at_least_one_option": "This field will be hidden until it has at least one option!",
    "company_admins_successfully_updated": "Company admins successfully updated.",
    "you_can_not_create_more_than_one_company": "You can not create more companies.",
    "setting_jobposting_fee_to_sponsor_company": "<title>Fee to sponsor company<\/title><info>Fee to sponsor company<\/info>",
    "setting_jobposting_admin_paypal_email": "<title>Admin Paypal email<\/title><info>Paypal email of admin to receive money from member<\/info>",
    "invite_friends": "Invite Friends",
    "follow": "Follow",
    "favorite": "Favorite",
    "promote_job": "Promote Job",
    "apply_job": "Apply Job",
    "pay_packages": "Pay Packages",
    "full_name_wrote_a_comment_on_your_jobposting_name": "{full_name} wrote a comment on your company \"{title}\".",
    "full_name_wrote_a_comment_on_your_jobposting_message": "{full_name} wrote a comment on your company \"<a href=\"{link}\">{title}<\/a>\".\r\nTo see the comment thread, follow the link below:\r\n<a href=\"{link}\">{link}<\/a>",
    "full_name_liked_a_comment_you_posted_on_the_jobposting_title": "{full_name} liked a comment you posted on the company \"{title}\"",
    "full_name_liked_your_comment_message_jobposting": "{full_name} liked your comment \"<a href=\"{link}\">{content}<\/a>\" that you posted on the company \"<a href=\"{item_link}\">{title}<\/a>\".\r\nTo view this company follow the link below:\r\n<a href=\"{link}\">{link}<\/a>",
    "full_name_liked_your_company_title": "{full_name} liked your company \"{title}\"",
    "full_name_liked_your_company_message": "{full_name} liked your company \"<a href=\"{link}\">{title}<\/a>\"\r\nTo view this company follow the link below:\r\n<a href=\"{link}\">{link}<\/a>",
    "users_liked_gender_own_company_title": "{users} liked {gender} own company \"{title}\"",
    "users_liked_your_company_title": "{users} liked your company \"{title}\"",
    "users_liked_span_class_drop_data_user_row_full_name_s_span_company_title": "{users} liked <span class=\"drop_data_user\">{row_full_name}&#039;s<\/span> company \"{title}\"",
    "created_an_company": "created an company.",
    "unable_to_post_a_comment_on_this_item_due_to_privacy_settings": "Unable to post a comment on this item due to privacy settings.",
    "full_name_commented_on_a_comment_posted_on_the_company_title": "{full_name} commented on a comment posted on the company \"{title}\".",
    "full_name_commented_on_one_of_your_comments_you_posted_on_the_company": "{full_name} commented on one of your comments you posted on the company \"<a href=\"{item_link}\">{title}<\/a>\".\r\nTo see the comment thread, follow the link below:\r\n<a href=\"{link}\">{link}<\/a>",
    "full_name_commented_on_one_of_gender_company_comments": "{full_name} commented on one of {gender} company comments.",
    "full_name_commented_on_one_of_gender_own_comments_on_the_company": "{full_name} commented on one of {gender} own comments on the company \"<a href=\"{item_link}\">{title}<\/a>\".\r\nTo see the comment thread, follow the link below:\r\n<a href=\"{link}\">{link}<\/a>",
    "users_commented_on_span_class_drop_data_user_row_full_name_s_span_comment_on_the_company_title": "{users} commented on <span class=\"drop_data_user\">{row_full_name}&#039;s<\/span> comment on the company \"{title}\"",
    "users_commented_on_gender_own_comment_on_the_company_title": "{users} commented on {gender} own comment on the company \"{title}\"",
    "users_commented_on_one_of_your_comments_on_the_company_title": "{users} commented on one of your comments on the company \"{title}\"",
    "users_commented_on_one_of_span_class_drop_data_user_row_full_name_s_span_comments_on_the_company_tit": "{users} commented on one of <span class=\"drop_data_user\">{row_full_name}&#039;s<\/span> comments on the company \"{title}\"",
    "item_phrase": "jobposting",
    "initialized": "Initialized",
    "pending": "Pending",
    "completed": "Completed",
    "denied": "Denied",
    "passed": "Passed",
    "rejected": "Rejected",
    "users_liked_one_of_your_comments_on_the_company_title": "{users} liked one of your comments on the company \"{title}\"",
    "users_liked_one_on_span_class_drop_data_user_row_full_name_s_span_comments_on_the_company_title": "{users} liked one on <span class=\"drop_data_user\">{row_full_name}&#039;s<\/span> comments on the company \"{title}\"",
    "users_liked_span_class_drop_data_user_row_full_name_s_span_comment_on_the_company_title": "{users} liked <span class=\"drop_data_user\">{row_full_name}&#039;s<\/span> comment on the company \"{title}\"",
    "users_commented_on_your_company_title": "{users} commented on your company \"{title}\"",
    "users_commented_on_span_class_drop_data_user_row_full_name_s_span_company_title": "{users} commented on <span class=\"drop_data_user\">{row_full_name}&#039;s<\/span> company \"{title}\"",
    "users_commented_on_gender_own_company_title": "{users} commented on {gender} own company \"{title}\"",
    "users_liked_gender_own_comment_on_the_company_title": "{users} liked {gender} own comment on the company \"{title}\"",
    "full_name_commented_on_one_of_row_full_name_s_company_comments": "{full_name} commented on one of {row_full_name}&#039;s company comments.",
    "full_name_commented_on_one_of_row_full_name_s": "{full_name} commented on one of {row_full_name}&#039;s comments on the company \"<a href=\"{item_link}\">{title}<\/a>\".\r\nTo see the comment thread, follow the link below:\r\n<a href=\"{link}\">{link}<\/a>",
    "report_this_job": "Report this job",
    "posted_a_comment_on_gender_job_a_href_link_title_a": "posted a comment on {gender} job <a href=\"{link}\"> {title}<\/a>",
    "posted_a_comment_on_user_name_s_job_a_href_link_title_a": "posted a comment on {user_name}&#039;s job \"<a href=\"{link}\">{title}<\/a>\"",
    "posted_a_job": "posted a job.",
    "full_name_liked_your_job_title": "{full_name} liked your blog \"{title}\"",
    "full_name_liked_your_job_link_title": "{full_name} liked your job \"<a href=\"{link}\">{title}<\/a>\"\r\nTo view this job follow the link below:\r\n<a href=\"{link}\">{link}<\/a>",
    "users_liked_gender_own_event_title": "{users} liked {gender} own job \"{title}\"",
    "users_liked_your_event_title": "{users} liked your job \"{title}\"",
    "users_liked_span_class_drop_data_user_row_full_name_s_span_job_title": "{users} liked <span class=\"drop_data_user\">{row_full_name}&#039;s<\/span> job \"{title}\"",
    "full_name_commented_on_gender_job": "{full_name} commented on {gender} job.",
    "full_name_commented_on_gender_job_message": "{full_name} commented on {gender} job \"<a href=\"{link}\">{title}<\/a>\".\r\nTo see the comment thread, follow the link below:\r\n<a href=\"{link}\">{link}<\/a>",
    "full_name_commented_on_job_full_name_s_job": "{full_name} commented on {blog_full_name}&#039;s job.",
    "full_name_commented_on_job_full_name_s_job_message": "{full_name} commented on {blog_full_name}&#039;s job \"<a href=\"{link}\">{title}<\/a>\".\r\nTo see the comment thread, follow the link below:\r\n<a href=\"{link}\">{link}<\/a>",
    "full_name_commented_on_your_job_title": "{full_name} commented on your job \"{title}\".",
    "full_name_commented_on_your_job_message": "{full_name} commented on your job \"<a href=\"{link}\">{title}<\/a>\".\r\nTo see the comment thread, follow the link below:\r\n<a href=\"{link}\">{link}<\/a>",
    "users_commented_on_gender_job_title": "{users} commented on {gender} blog \"{title}\"",
    "users_commented_on_your_job_title": "{users} commented on your job \"{title}\"",
    "users_commented_on_span_class_drop_data_user_row_full_name": "{users} commented on <span class=\"drop_data_user\">{row_full_name}&#039;s<\/span> job \"{title}\"",
    "full_name_wrote_a_comment_on_your_job_job_title": "<a href=\"{user_link}\">{full_name}<\/a> wrote a comment on your job \"<a href=\"{job_link}\">{job_title}<\/a>\".",
    "user_name_tagged_you_in_a_comment_in_a_job": "{user_name} tagged you in a comment in a job",
    "custom_field_is_required": "\"{custom_field}\" is required.",
    "enable_company_photo": "Enable company photo",
    "enable_description": "Enable description",
    "embed_code": "Embed code",
    "user_setting_can_edit_company_information": "Can edit own company?",
    "user_setting_can_delete_company_other_user": "Can delete company information created by other users?",
    "user_setting_approved_company_before_displayed": "Approved company before displayed?",
    "user_setting_can_add_job": "Can add job?",
    "user_setting_can_edit_own_job": "Can edit own job?",
    "user_setting_can_edit_job_created_by_other_users": "Can edit job created by other users?",
    "user_setting_can_browse_view_job": "Can view jobs?",
    "user_setting_can_feature_jobs": "Can feature jobs?",
    "user_setting_can_sponsor_jobs": "Can sponsor company?",
    "user_setting_approved_job_before_displayed": "Approve jobs before publish displayed.",
    "user_setting_point_add_job": "How many points do the users get when they add new job?",
    "pending_jobs": "Pending Jobs",
    "pending_company": "Pending Companies",
    "you_can_not_perform_this_action": "You can not perform this action!",
    "company_successfully_deleted": "Company successfully deleted",
    "delete_this_company": "Delete This Company",
    "invite_people_via_email": "Invite People via Email",
    "separate_multiple_emails_with_a_comma": "Separate multiple emails with a comma.",
    "add_a_personal_message": "Add a personal message",
    "send_invitations": "Send Invitations",
    "new_guest_list": "New Guest List",
    "full_name_invited_you_to_the_type_title": "{full_name} invited you to the {type} &#039;{title}&#039;",
    "full_name_invited_you_to_the_type_title_link": "{full_name} invited you to the {type} \"{title}\".\r\n\r\nTo check out this {type}, follow the link below:\r\n<a href=\"{link}\">{link}<\/a>",
    "user_setting_can_delete_job_other_user": "Can delete job created by other users?",
    "job_successfully_deleted": "Job successfully deleted",
    "user_setting_can_edit_company_created_by_other_users": "Can edit company created by other users?",
    "company_successfully_approved": "Company successfully approved",
    "job_successfully_approved": "Job successfully approved",
    "unfavorite": "Unfavorite",
    "unfollow": "Unfollow",
    "update": "Update",
    "company_successfully_saved": "Company successfully saved.",
    "company_successfully_published": "Company successfully published.",
    "user_setting_approve_company_before_displayed": "Approve companies before they are publicly displayed.",
    "user_setting_can_approve_company": "Can approve companies?",
    "user_setting_can_view_company": "Can view companies?",
    "user_setting_can_edit_user_company": "Can edit companies added by other users?",
    "user_setting_can_delete_own_company": "Can delete own company?",
    "user_setting_can_sponsor_company": "Can sponsor company?",
    "user_setting_can_edit_own_company": "Can edit own company?",
    "user_setting_can_approve_job": "Can approve jobs?",
    "post_job_number": "Post Job Number (Number of Job this user can post. 0 means unlimited)",
    "valid_period": "Valid period",
    "day": "Day",
    "week": "Week",
    "month": "Month",
    "never_expires": "Never Expires",
    "package_fee": "Package Fee",
    "search_filter": "Search Filter",
    "employer": "Company",
    "representative": "Representative",
    "sponsor": "Sponsor",
    "pay_to_sponsor": "Pay to Sponsor",
    "valid_packages": "Valid Packages",
    "action": "Action",
    "n_a": "N\/A",
    "no_companies_found": "No Companies found",
    "view_jobs": "View Jobs",
    "job": "Job",
    "pay_to_feature": "Pay to Feature",
    "feature": "Feature",
    "number_of_application": "Number of Application",
    "no_jobs_found": "No Jobs found",
    "paid": "Paid",
    "package": "Package",
    "fee": "Fee",
    "payment_status": "Payment Status",
    "purchased_date": "Purchased Date",
    "total_fee": "Total Fee",
    "no_transaction_found": "No Transaction found",
    "jobs": "Jobs",
    "package_name": "Package Name",
    "remaining_job_posts": "Remaining Job Posts",
    "valid_time": "Valid Time",
    "no_package_found": "No package found",
    "your_can_purchase_additional_packages": "Your can purchase additional packages",
    "posted_from": "Posted From",
    "status": "Status",
    "all": "All",
    "show": "Show",
    "hide": "Hide",
    "posted_date": "Posted Date",
    "expired_date": "Expired Date",
    "option": "Option",
    "view_applications": "View Applications",
    "download_all_resumes": "Download All Resumes",
    "no_job_found": "No job found",
    "candidate": "Candidate",
    "submitted_date": "Submitted Date",
    "no_application_found": "No application found",
    "reject": "Reject",
    "pass": "Pass",
    "view": "View",
    "download": "Download",
    "general_information": "General Information",
    "headquaters": "Headquaters",
    "addition_information": "Addition Information",
    "subject": "Subject",
    "message": "Message",
    "approve": "Approve",
    "your_name": "Your Name",
    "your_photo": "Your Photo",
    "your_email": "Your Email",
    "your_telephone": "Your Telephone",
    "use_my_resume": "Use My Resume",
    "format_ms_word_pdf_zip_500kb_maximum": "Format: Ms Word, PDF, Zip (500KB maximum)",
    "sorry_you_don_t_have_any_resume_click": "Sorry, you don&#039;t have any Resume, Click <a href=\"{link}\">here<\/a> to create new Resume.",
    "apply": "Apply",
    "posted": "Posted",
    "view_job": "View Job",
    "expire_on": "Expire on",
    "previous": "Previous",
    "next": "Next",
    "moderate": "Moderate",
    "view_application": "View Application",
    "edit_job": "Edit Job",
    "delete_job": "Delete Job",
    "delete_blog": "Delete Blog",
    "review": "Review",
    "select_you_existing_packages": "Select you existing packages",
    "select_your_existing_packages": "Select your existing packages",
    "or_select_the_one_of_following_packages": "Or select the one of following packages",
    "feature_this_job_with": "Feature this Job with ${featurefee}",
    "job_s": "Job(s)",
    "follower_s": "follower(s)",
    "followers": "followers",
    "sponsored": "Sponsored",
    "n_a_industry": "N\/A (Industry)",
    "working_at_this_company": "Working at this company",
    "leave_this_company": "Leave this company",
    "no_employees_found": "No Employees found",
    "telephone": "Telephone",
    "created_a_company": "created a company.",
    "users_favorited_your_job_title": "{users} favorited your job \"{title}\"",
    "users_favorited_your_followed_job_title": "{users} favorited your followed job \"{title}\"",
    "users_favorited_your_company_name": "{users} favorited your company \"{name}\"",
    "users_favorited_your_followed_company_name": "{users} favorited your followed company \"{name}\"",
    "users_followed_your_job_title": "{users} followed your job \"{title}\"",
    "users_followed_your_company_name": "{users} followed your company \"{name}\"",
    "users_applied_your_job_title": "{users} applied your job \"{title}\"",
    "users_joined_your_company_name": "{users} joined your company \"{name}\"",
    "users_joined_your_followed_company_name": "{users} joined your followed company \"{name}\"",
    "your_followed_job_title_has_been_featured": "Your followed job \"{title}\" has been featured",
    "your_followed_company_name_has_been_sponsored": "Your followed company \"{name}\" has been sponsored",
    "your_followed_company_name_posted_a_job_title": "Your followed company \"{name}\" posted a job \"{title}\"",
    "your_followed_job_title_has_been_deleted": "Your followed job \"{title}\" has been deleted",
    "your_applied_job_title_has_been_deleted": "Your applied job \"{title}\" has been deleted",
    "your_followed_company_name_has_been_deleted": "Your followed company \"{name}\" has been deleted",
    "your_applied_company_name_has_been_deleted": "Your applied company \"{name}\" has been deleted",
    "the_company_of_your_followed_job_name_has_been_deleted": "The company of your followed job \"{name}\" has been deleted",
    "your_job_title_is_expired": "Your job \"{title}\" is expired",
    "your_followed_job_title_is_expired": "Your followed job \"{title}\" is expired",
    "your_applied_job_title_is_expired": "Your applied job \"{title}\" is expired",
    "your_job_title_has_been_approved": "Your job \"{title}\" has been approved",
    "your_company_name_has_been_approved": "Your company \"{name}\" has been approved",
    "apply_job_email_subject": "Thanks for applying the job at \"{site_title}\"",
    "apply_job_email_message": "Thanks for applying the job \"{title}\" at \"{site_title}\". For more information, please visit our website: <a href=\"{link}\">{link}<\/a>",
    "subcriber_new_job_email_subject": "Job Posting - New Job",
    "subcriber_new_job_email_message_replacement": "New Job is waiting for you. To view this job follow the link below: <br \/>{link}.<br \/>To unsubscribe jobs, follow the link below: <br \/>{unsubscribe_link}.",
    "sponsor_company_email_subject": "Your company has been successfully sponsored",
    "sponsor_company_email_message": "Your company \"<a href=\"{link}\">{title}<\/a>\" has been successfully sponsored.",
    "feature_job_email_subject": "Your job has been successfully featured",
    "feature_job_email_message": "Your job \"<a href=\"{link}\">{title}<\/a>\" has been successfully featured.",
    "add_job_email_subject": "A job has been successfully posted",
    "add_job_email_message": "Your job \"{title}\" has been successfully posted. The job details are in the link below:\r\n<a href=\"{link}\">{link}<\/a>",
    "add_company_email_subject": "Your company has been successfully created",
    "add_company_email_message": "Your company \"{title}\" has been successfully created. Please find all information at the link below:\r\n<a href=\"{link}\">{link}<\/a>",
    "delete_company_email_subject": "Your company has been successfully deleted",
    "delete_company_email_message": "Your company \"{title}\" has been successfully deleted.",
    "delete_job_email_subject": "A job has been successfully deleted",
    "delete_job_email_message": "The job \"{title}\" has been successfully deleted.",
    "expire_job_email_subject": "A job is expired",
    "expire_job_email_message": "The job \"<a href=\"{link}\">{title}<\/a>\" is expired.",
    "do_you_want_to_sponsor_your_company_width": "Do you want to sponsor your company with {fee}?",
    "you_can_only_delete_empty_industry": "You can only delete empty industry!",
    "pay_fee_to_sponsor_this_company": "Pay {fee} to sponsor this company?",
    "processing": "Processing",
    "save_and_pay_fee_for_selected_package": "Save and pay {fee} for selected packages?",
    "pay_fee_for_selected_packages": "Pay {fee} for selected packages?",
    "updating": "Updating",
    "adding": "Adding",
    "category": "Category",
    "edit_company_info": "Edit Company Info",
    "view_bought_packages": "View Bought Packages",
    "edit_submission_form": "Edit Submission Form",
    "job_s_successfully_approved": "Job(s) successfully approved.",
    "job_s_successfully_deleted": "Job(s) successfully deleted.",
    "company_s_successfully_approved": "Company(s) successfully approved.",
    "company_s_successfully_deleted": "Company(s) successfully deleted.",
    "the_company_you_are_looking_for_cannot_be_found": "The company you are looking for cannot be found.",
    "the_job_you_are_looking_for_cannot_be_found": "The job you are looking for cannot be found.",
    "user_setting_can_view_job": "Can view jobs?",
    "un_feature": "Un-feature",
    "un_sponsor": "Un-sponsor",
    "you_have_not_created_a_company": "You have not created a company.",
    "unable_to_find_any_package": "Unable to find any package. Please contact site administrator to add some packages first.",
    "unable_to_find_any_industry": "Unable to find any industry. Please contact site administrator to add some industries first.",
    "company_size_is_not_valid_adding": "Company size is not valid. \"From\" field and \"To\" field must be a numeric.",
    "unable_to_find_the_job_you_want_to_publish": "Unable to find the job you want to publish.",
    "please_select_a_package_to_publish_this_job": "Please select a package to publish this job.",
    "redirecting_to_paypal": "Redirecting to Paypal",
    "you_do_not_have_permission_to_sponsor_company": "You do not have permission to sponsor company.",
    "unable_to_find_the_company_you_want_to_sponsor": "Unable to find the company you want to sponsor.",
    "this_company_is_pending_for_approve": "This company is pending for approve.",
    "this_company_has_been_sponsored": "This company has been sponsored.",
    "company_successfully_sponsored": "Company successfully sponsored.",
    "you_do_not_have_permission_to_un_sponsor_company": "You do not have permission to Un-sponsor company.",
    "this_company_has_been_un_sponsored": "This company has been Un-sponsored.",
    "company_successfully_un_sponsore": "Company successfully Un-sponsore.",
    "un_sponsor_company": "Un-sponsor Company",
    "pay_packages_successfully": "Pay packages successfully.",
    "application_successfully_deleted": "Application successfully deleted.",
    "you_have_favorited_this": "You have favorited this",
    "favorite_successfully": "Favorite successfully.",
    "unfavorite_successfully": "Unfavorite successfully.",
    "you_have_followed_this": "You have followed this",
    "follow_successfully": "Follow successfully.",
    "unfollow_successfully": "Unfollow successfully.",
    "you_have_left_to_the_compnay_successfully": "You have left to the company successfully",
    "you_have_joined_to_the_compnay_successfully": "You have joined to the company successfully",
    "delete_company": "Delete Company",
    "this_job_has_been_featured": "This job has been featured.",
    "feature_job": "Feature Job",
    "job_successfully_featured": "Job successfully featured.",
    "this_job_has_been_un_featured": "This job has been un-featured.",
    "un_feature_job": "Un-Feature Job",
    "job_successfully_un_feature": "Job successfully un-feature.",
    "approve_company": "Approve Company",
    "approve_job": "Approve Job",
    "moderation": "Moderation",
    "job_not_found": "Job not found.",
    "post_job_number_have_to_be_a_number": "Post Job Number have to be a number",
    "valid_peried_have_to_be_a_number": "Valid period have to be a number",
    "package_fee_have_to_be_a_number": "Package Fee have to be a number",
    "manage_package": "Manage Package",
    "not_sponsor": "Not Sponsor",
    "fill_in_a_title_for_your_job": "Fill in a title for your job",
    "add_some_content_to_your_description": "Add some content to your description",
    "add_some_content_to_your_skills": "Add some content to your skills",
    "apply_job_successfully": "Apply Job successfully",
    "your_name_is_required": "Your name is required",
    "your_email_is_required": "Your email is required",
    "your_telephone_is_required": "Your telephone is required",
    "your_photo_is_required": "Your photo is required",
    "update_subscribe_job_successfully": "Update Subscribe Job successfully",
    "name_isn_t_allowed_empty": "Name isn&#039;t allowed empty",
    "unable_to_find_the_application_you_want_to_delete": "Unable to find the application you want to delete.",
    "administrator_does_not_have_paypal_email_please_contact_him_her_to_update_it": "Administrator does not have paypal email. Please contact him (her) to update it.",
    "can_not_load_payment_gateways_please_try_again_later": "Can not load Payment Gateways. Please try again later.",
    "view_applications_0_download_all_resumes": "View Applications (0) | Download All Resumes",
    "unlimited": "Unlimited",
    "remaining": "Remaining ",
    "add_new_package": "Add New Package",
    "job_posting_package_name": "Job Posting Package Name",
    "week_s": "week(s)",
    "month_s": "month(s)",
    "never_expired": "Never Expired",
    "day_s": "day(s)",
    "manage_packages": "Manage Packages",
    "link": "Link",
    "to_use_this_option_please_install_module_a_href_link_resume_a": "(To use this option, please install module <a href=\"{link}\">Resume<\/a>)",
    "manage_transactions": "Manage Transactions",
    "search_from": "From Date",
    "post_job_number_admincp": "Post Job Number",
    "to_date": "To Date",
    "title": "Title",
    "parent_industry": "Parent Industry",
    "feature_package": "Feature + Package",
    "your_existing_packages": "Your existing packages",
    "upload_file": "Upload File",
    "published": "Published",
    "draft": "Draft",
    "job_posts": " job posts",
    "period": "Period",
    "day_singular": "day",
    "day_plural": "days",
    "week_singular": "week",
    "week_plural": "weeks",
    "month_singular": "month",
    "month_plural": "months",
    "add_field_question": "Add field\/question",
    "require_field": "Require field",
    "edit_field_question": "Edit field\/question",
    "you_have_already_applied_this_job": "You have already applied this job.",
    "resume_is_required": "Resume is required.",
    "you_can_not_create_a_job_your_company_has_not_been_published": "You can not create a job. Your company has not been published",
    "not_feature": "Not Feature",
    "expired": "Expired",
    "working_at": "Working at",
    "pay_fee_to_feature_this_job": "Pay {fee}$ to feature this job?",
    "created_by": "Created by:",
    "unable_to_find_the_resume_you_want_to_download": "Unable to find the resume you want to download.",
    "unable_to_find_the_job_you_want_to_download_resumes": "Unable to find the job you want to download resumes.",
    "this_job_does_not_have_application": "This job does not have application.",
    "unable_to_find_any_resume_for_download": "Unable to find any resume for download.",
    "comment_privacy": "Comment Privacy",
    "control_who_can_comment_on_this_job": "Control who can comment on this job.",
    "add_new_industry": "Add New Industry",
    "edit_an_industry": "Edit an Industry",
    "manage_industries": "Manage Industries",
    "company_description": "Company Information",
    "language_preference": "Language Preference",
    "education_preference": "Education Preference",
    "apply_job_email_owner_subject": "New candidate applied to \"{job_title}\"",
    "apply_job_email_owner_message": "Hello {company_owner},\r\n\r\nThere&#039;s a new candidate apply to \"{job_title}\" from your company. Please check his\/her profile at <a href=\"{applicant_profile_url}\">{applicant_name}<\/a>.\r\n\r\nRegards,\r\n{site_title}",
    "apply_job_email_owner_body": "There&#039;s a new candidate apply to \"{job_title}\" from your company. Please check his\/her profile at <a href=\"{applicant_profile_url}\">{applicant_name}<\/a>.",
    "add_cat_job": "Add New Category For Job",
    "edit_cat_job": "Edit a Job Category",
    "add_new_cat_job": "Add New Job Category",
    "you_can_only_delete_empty_cat": "You can only delete empty category!",
    "select_a_sub_cat": "Select a Sub-Category",
    "admin_menu_add_new_job_category": "Add New Job Category",
    "admin_menu_manage_job_category": "Manage Job Category",
    "manage_job_cat": "Manage Job Categories",
    "parent_cat_job": "Parent Category",
    "cat_detail": "Category Detail",
    "catjob_successfully_deleted": "Category successfully deleted",
    "catjob_cat": "Category",
    "you_can_add_up_to_3_catjob": "You can add up to 3 categories.",
    "you_have_joined_to_the_compnay_approve": "You have joined to the company. Please waiting this company owner has approved this request.",
    "em_accept": "Accept",
    "em_reject": "Reject",
    "em_remove": "Remove",
    "no_accept_working": "You have been accepted working on company \"{name}\"",
    "alert_accept_success": "Accept successfully",
    "alert_remove_success": "Remove successfully",
    "no_remove_working": "You have been removed working on company \"{name}\"",
    "alert_deny_success": "Deny successfully",
    "alert_reject_success": "Reject successfully",
    "no_reject_working": "You have been rejected working on company \"{name}\"",
    "user_setting_job_application_fee": "Job Application Fee (User will be moved to this group after payment completed)",
    "user_setting_can_apply_job": "Can apply job?",
    "setting_use_popup_upgrade_group": "<title>Using popup when upgrade user group<\/title><info>Using popup when upgrade user group<\/info>",
    "title_job_apply_fee": "Job Application Fee",
    "txt_select_group_to_upgrade": "Select group to upgrade:",
    "no_group_apply_job_found": "No user group can apply job",
    "txt_select_group_to_upgrade_warning": "You does not have permission to apply this job. Please select one of group to upgrade:",
    "warning_group_cannot_apply_job": "Please select User Group which can apply job. Please try again.",
    "upgraded_to_groupname_group_successfully": "Upgraded to \"{groupname}\" group successfully.",
    "inform_upgrade_group_success": "Upgraded to \"{groupname}\" group successfully.",
    "updates": "Updates",
    "admin_menu_add_new_apply_job_package": "Add New Apply Job Package",
    "admin_menu_manage_apply_job_packages": "Manage Apply Job Packages",
    "edit_a_aj_package": "Edit a Apply Job Package",
    "create_a_new_aj_package": "Create a New Apply Job Package",
    "aj_package_successfully_updated": "Apply Job Package successfully updated.",
    "aj_package_successfully_added": "Apply Job Package successfully added.",
    "aj_package_name": "Apply Job Package Name",
    "apply_job_number": "Apply Job Number (Number of Job this user can apply. 0 means unlimited)",
    "apply_job_number_have_to_be_a_number": "Apply Job Number have to be a number",
    "manage_aj_package": "Manage Apply Job Package",
    "manage_aj_packages": "Manage Apply Job Packages",
    "apply_job_number_admincp": "Apply Job Number",
    "btn_apply": "Apply",
    "unable_to_find_the_job_you_want_to_apply": "Unable to find the job you want to apply.",
    "please_select_a_package_to_apply_this_job": "Please select a package to apply this job.",
    "invalid_package": "Invalid package.",
    "new_user_joined_to_your_company_company_title": "New user joined to your company \"{company_title}\"",
    "join_user_fullname_joined_your_company_company_title_please_check_at_a_href_employees_link_employees_a_tab_on_your_company": "{join_user_fullname} joined your company \"{company_title}\". Please check at <a href=\"{employees_link}\">Employees<\/a> tab on your company.",
    "email_join_company_body": "{join_user_fullname} joined your company \"{company_title}\". Please check at <a href=\"{employees_link}\">Employees<\/a> tab on your company.",
    "notification_from_company_company_title": "Notification from company \"{company_title}\"",
    "you_have_been_accepted_working_on_company_company_title_1_please_check_more_information_at_a_href_company_url_company_title_2_a": "You have been accepted working on company \"{company_title_1}\". Please check more information at <a href=\"{company_url}\">{company_title_2}<\/a>.",
    "setting_jobposting_maximum_upload_size_resume": "<title>Maximum upload size for resume (KB)<\/title><info>Maximum upload size for resume when applying job.<\/info>",
    "format_ms_word_pdf_zip_size_kb_maximum": "Format: Ms Word, PDF, Zip ({size} KB maximum)",
    "user_setting_numbers_of_company": "How many companies can user own?",
    "admin_menu_manage_custom_field": "Manage Custom Field",
    "manage_custom_field": "Manage Custom Field",
    "custom_field_successful_deleted": "Custom Field Successfully Deleted.",
    "my_companies": "My Companies",
    "activate": "Activate",
    "deactivate": "Deactivate",
    "unable_to_find_the_company": "Unable to find this company.",
    "you_do_not_have_permission_to_active_this_company": "You do not have permission to active this company.",
    "company_successfully_activated": "Company successfully activated.",
    "activated_company": "Activated company",
    "activate_company_email_subject": "Your company has been successfully activated",
    "activate_company_email_message": "Your company \"<a href=\"{link}\">{title}<\/a>\" has been successfully activated.",
    "deactivate_company_email_message": "Your company \"<a href=\"{link}\">{title}<\/a>\" has been successfully deactivated.",
    "deactivate_company_email_subject": "Your company has been successfully deactivated",
    "you_do_not_have_permission_to_deactivate_this_company": "You do not have permission to deactivate this company.",
    "company_successfully_deactivated": "Company successfully deactivated.",
    "deactivated_company": "Deactivated company",
    "your_company_name_has_been_activated": "Your company \"{name}\" has been activated",
    "your_company_name_has_been_deactivated": "Your company \"{name}\" has been deactivated",
    "menu_jobposting_job_posting_532c28d5412dd75bf975fb951c740a30": "Job Posting",
    "owner_has_just_transferred_company_name_to_you": "{owner} has just transferred company \"{name}\" to you.",
    "owner_has_just_transferred_company_company_title_to_you": "{owner} has just transferred company \"{company_title}\" to you.",
    "owner_has_just_transferred_company_company_title_to_you_please_check_more_information_at_a_href_company_url_company_title_a": "{owner} has just transferred company \"{company_title}\" to you. Please check more information at <a href=\"{company_url}\">{company_title}<\/a>.",
    "permission_target": "Permission Target",
    "change_owner": "Change owner",
    "can_add_photos": "Can add photos?",
    "yes": "Yes",
    "no": "No",
    "can_delete_photos": "Can delete photos?",
    "can_buy_packages": "Can buy packages?",
    "can_edit_submission_form": "Can edit submission form?",
    "can_add_job": "Can add job?",
    "can_edit_job": "Can edit job?",
    "can_delete_job": "Can delete job?",
    "can_view_application": "Can view application?",
    "can_download_resumes": "Can download resumes?",
    "thumbnail": "Thumbnail",
    "Thumbnail": "Thumbnail",
    "List": "List",
    "do_you_want_to_change_owner_company": "Do you want to change owner company?",
    "list": "List",
    "you_can_not_change_owner_of_this_company_please_choose_another_person": "You cannot change owner of this company. Please choose another person.",
    "feature_this_job_with_featurefee": "Feature this Job with {featurefee}",
    "company_title": "Company Title",
    "you_can_not_create_a_job_please_create_a_company_first": "You can not create a job. Please <a href=\"{link}\" style=\"text-decoration: underline\">create a company<\/a> first.",
    "manage_permission": "Manage Permission",
    "your_company_does_not_have_admin": "Your company does not have admin.",
    "permission_successfully_updated": "Permission successfully updated.",
    "company_admins_are_successfully_updated": "Company admins are successfully updated.",
    "notice": "Notice",
    "do_you_want_to_leave_this_company": "Do you want to leave this company?",
    "do_you_want_to_work_this_company": "Do you want to work this company?",
    "do_you_want_to_remove_this_user": "Do you want to remove this user?",
    "waiting_for_approve": "Waiting for approve!",
    "notification_when_company_deactivated": "The company {name} has just been deactivated. You won&#039;t be received any updates about it anymore.",
    "notification_when_company_activated": "The company {name} has just been activated",
    "invitations_have_been_sent_successfully": "Invitations have been sent successfully.",
    "none": "None",
    "review_and_confirm_purchase": "Review and Confirm Purchase",
    "jobposting": "Jobposting",
    "payment_methods": "Payment Methods",
    "processing_transaction": "Processing transaction",
    "your_application_job_at_site_title_was_status": "Your application for a job at \"{site_title}\" was {status}",
    "your_application_on_job_title_at_site_title_was_be_status_for_more_information_please_visit_our_website_a_href_link_link_a": "Your application for the job \"{title}\" at \"{site_title}\" was {status}. For more information, please visit our website: <a href=\"{link}\">{link}<\/a>",
    "your_application_for_the_job_title_was_status": "Your application for the job \"{title}\" was {status}.",
    "deleted": "Deleted",
    "manage_jobs": "Manage Jobs",
    "list_custom_fields": "List Custom Fields",
    "Companies": "",
    "setting_jobposting_job_paging_mode": "<title>Pagination Style (All Jobs)<\/title><info>Select Pagination Style at Search Jobs Page.<\/info>",
    "setting_jobposting_company_paging_mode": "<title>Pagination Style (All Companies)<\/title><info>Select Pagination Style at Search Companies Page.<\/info>",
    "jobposting_admin_menu_user_group_settings": "User Group Settings",
    "view_this_company": "View this company",
    "\"Maximum upload size for photos (KB)\" must be greater than or equal to 0": "",
    "\"Fee to sponsor company\" must be greater than or equal to 0": "",
    "\"Maximum upload size for resume (KB)\" must be greater than or equal to 0": "",
    "\"Fee to feature Job\" must be greater than or equal to 0": "",
    "\"How many companies can user own?\" must be greater than or equal to 0": "",
    "jobposting_to_be_admin_of_company" : "You have been invited to become an admin of company <b>{name}</b>",
    "controller_jobposting.index" : "Job Home Page",
    "controller_jobposting.view" : "Job Detail",
    "controller_jobposting.company" : "Company Home Page",
    "controller_jobposting.company.view" : "Company Detail",
    "jobposting_photo_s" : "Photo(s)",
    "user_setting_points_jobposting_job" : "How many points do the users get when they add new job?",
    "jobposting_headquarters_location" : "Headquarters Location",
    "user_setting_can_apply_job_without_fee": "Can apply job without fee?",
    "headquarters" : "Headquarters",
    "unsubscribe_successfully" : "Unsubscribe successfully.",
    "you_cannot_unsubscribe" : "You can not do this action. Please check the link in your email."
}