<product>
	<data>
		<store_id />
		<product_id>younet_jobposting4</product_id>
		<is_core>0</is_core>
		<title>YNC Jobposting</title>
		<description>by YouNetCo</description>
		<version>4.02</version>
		<latest_version></latest_version>
		<last_check>0</last_check>
		<is_active>1</is_active>
		<url>https://phpfox.younetco.com/</url>
		<url_version_check></url_version_check>
		<icon>http://phpfox.younetco.com/files/2015/10/job_posting.jpg</icon>
		<vendor>YouNetCo</vendor>
	</data>
	<installs>
		<install>
			<version>3.01</version>
			<install_code><![CDATA[include (PHPFOX_DIR_MODULE . 'jobposting/yninstall/versions/v3.01.php');]]></install_code>
			<uninstall_code></uninstall_code>
		</install>
		<install>
			<version>3.01p11</version>
			<install_code><![CDATA[include (PHPFOX_DIR_MODULE . 'jobposting/yninstall/versions/v3.01p11.php');]]></install_code>
			<uninstall_code></uninstall_code>
		</install>
		<install>
			<version>3.01p4</version>
			<install_code><![CDATA[include (PHPFOX_DIR_MODULE . 'jobposting/yninstall/versions/v3.01p4.php');]]></install_code>
			<uninstall_code></uninstall_code>
		</install>
		<install>
			<version>3.02</version>
			<install_code><![CDATA[include (PHPFOX_DIR_MODULE . 'jobposting/yninstall/versions/v3.02.php');]]></install_code>
			<uninstall_code></uninstall_code>
		</install>
		<install>
			<version>4.01p6</version>
			<install_code><![CDATA[include (PHPFOX_DIR_MODULE . 'jobposting/yninstall/versions/v4.01p6.php');]]></install_code>
			<uninstall_code></uninstall_code>
		</install>
		<install>
			<version>4.02</version>
			<install_code><![CDATA[include (PHPFOX_DIR_MODULE . 'jobposting/yninstall/versions/v4.02.php');]]></install_code>
			<uninstall_code></uninstall_code>
		</install>
	</installs>
	<modules>
		<module_id>jobposting</module_id>
	</modules>
</product>